comparator,delta_pp,lo,hi,wins,losses,p,p_holm
W3R-V-noalpha,-0.0202,-0.0493,0.0096,3,7,0.21982,1.00000
W3R-V-nobeta,5.2131,3.5166,6.8564,17,3,0.00002,0.00016
W3R-V-nogamma,0.0149,-0.0333,0.0582,6,3,0.54943,1.00000
W3R-V-scalar,5.0681,3.9996,6.1891,20,0,0.00001,0.00010
W3R-V-noMILD,1.6117,1.2397,1.9940,20,0,0.00001,0.00010
W3R-V-nourgency,0.1823,0.0113,0.4369,10,3,0.06217,0.43519
W3R-V-nopi,0.0379,-0.0202,0.1050,8,5,0.28802,1.00000
W3R-V-noomega,0.0202,-0.0369,0.0876,5,7,0.59706,1.00000
W3R-V-noC3,0.1248,-0.0762,0.4809,3,5,0.96846,1.00000
W3R-V-lin,-0.0369,-0.2121,0.1415,7,9,0.69601,1.00000