method,WIF,tenant_weighted,C3_shortfall,tenant_inversion,writes
W3R-V-lin,0.92600,0.91790,0.01718,0.12192,1.90533
W3R-V-noalpha,0.92583,0.91868,0.01676,0.12033,2.11433
W3R-V,0.92563,0.91856,0.01679,0.12040,2.10400
W3R-V-nogamma,0.92548,0.91844,0.01682,0.12063,2.10950
W3R-V-noomega,0.92543,0.91814,0.01672,0.12115,2.13417
W3R-V-nopi,0.92525,0.91792,0.01672,0.12122,2.14800
W3R-V-noC3,0.92438,0.91817,0.01932,0.12087,2.06517
W3R-V-nourgency,0.92380,0.91798,0.01961,0.11967,2.04483
QACM-style,0.92280,0.91758,0.01550,0.11955,4.44167
QACM-contract,0.92011,0.91719,0.01577,0.11918,4.48467
B3-contract,0.91750,0.91108,0.01811,0.13195,0.18400
B3-contract-raw,0.91714,0.91161,0.01796,0.13082,0.18733
W3R,0.91392,0.90728,0.02507,0.13783,0.68483
W,0.91378,0.90597,0.02367,0.14087,0.75917
W3R-V-noMILD,0.90951,0.91225,0.03080,0.12068,1.91350
B3-contract-reactive,0.89599,0.89832,0.04630,0.13662,0.18900
inner-contract,0.88855,0.87141,0.02715,0.20435,2.50350
W3R-V-scalar,0.87495,0.88670,0.08283,0.14940,1.71817
W3R-V-nobeta,0.87350,0.88686,0.09777,0.15235,0.14333
B3,0.86076,0.88882,0.13563,0.14233,0.10817
all-reject,0.85554,0.88146,0.14017,0.14998,0.00000